param,est
alpha,0.587498400384108
delta,0
beta,0.6238449361369928
xi_ffs,5.990636474875255
gamma0,-2.319248753704544
eta1,0.49950032778182507
eta2,0.5892669730435008
